prefecture,area_code,year,observed_yield,estimate,input_standard_uncertainty
fukui,18201,2019,533,533.0327,0.4972
fukui,18202,2019,481,480.1324,0.4822
fukui,18204,2019,484,485.5588,0.4820
fukui,18205,2019,530,527.0316,0.5950
fukui,18206,2019,503,497.4012,0.4442
fukui,18207,2019,526,523.9184,0.3720
fukui,18208,2019,532,528.0316,0.4396
fukui,18209,2019,525,521.0265,0.4312
fukui,18210,2019,535,531.1619,0.5091
fukui,18322,2019,500,495.7295,0.6894
fukui,18382,2019,439,428.8452,0.3688
fukui,18404,2019,477,472.7789,0.4390
fukui,18423,2019,509,505.6639,0.4145
fukui,18442,2019,487,483.0415,0.4809
fukui,18481,2019,480,474.4596,0.4071
fukui,18483,2019,482,478.0086,0.5130
fukui,18501,2019,488,490.6287,0.5563
ishikawa,17201,2019,550,537.2785,0.5427
ishikawa,17202,2019,500,488.9237,0.4924
ishikawa,17203,2019,552,538.0245,0.3220
ishikawa,17204,2019,502,473.6456,0.6966
ishikawa,17205,2019,504,475.3732,0.4015
ishikawa,17206,2019,553,540.1256,0.3137
ishikawa,17207,2019,485,519.1747,0.3768
ishikawa,17209,2019,542,531.6859,0.4324
ishikawa,17210,2019,577,563.1708,0.3942
ishikawa,17211,2019,560,547.1399,0.2914
ishikawa,17212,2019,578,562.7241,0.2811
ishikawa,17324,2019,576,566.2070,0.3292
ishikawa,17361,2019,548,535.9567,0.3873
ishikawa,17365,2019,528,514.0624,0.3155
ishikawa,17384,2019,509,504.0195,0.5795
ishikawa,17386,2019,505,519.0588,0.5138
ishikawa,17407,2019,491,500.5677,0.3083
ishikawa,17461,2019,477,462.7298,0.4473
ishikawa,17463,2019,479,461.0951,0.4031
niigata,15100,2019,571,583.6421,0.8592
niigata,15202,2019,530,538.6362,0.8987
niigata,15204,2019,555,557.4949,0.8898
niigata,15205,2019,520,516.3250,0.9074
niigata,15206,2019,565,557.4162,0.4352
niigata,15208,2019,543,553.4959,0.5458
niigata,15209,2019,549,558.3485,0.5570
niigata,15210,2019,509,513.8449,1.1346
niigata,15211,2019,539,549.3127,0.5847
niigata,15212,2019,551,542.4067,0.7181
niigata,15213,2019,578,585.9473,0.6860
niigata,15216,2019,463,472.9626,0.7258
niigata,15217,2019,497,516.1882,1.3085
niigata,15218,2019,533,527.7575,0.3659
niigata,15222,2019,507,531.6051,0.4903
niigata,15223,2019,552,548.7374,0.4156
niigata,15224,2019,518,519.6163,0.4920
niigata,15225,2019,520,531.6240,0.5956
niigata,15226,2019,520,528.8403,0.4140
niigata,15227,2019,562,546.0408,0.5256
niigata,15307,2019,565,558.9002,0.3998
niigata,15342,2019,570,583.7568,0.3675
niigata,15361,2019,561,570.6166,0.4033
niigata,15385,2019,523,513.3123,0.6437
niigata,15405,2019,524,517.2671,0.4864
niigata,15461,2019,453,453.6312,0.3149
niigata,15482,2019,544,552.0748,0.6432
niigata,15504,2019,531,537.9081,0.4266
niigata,15581,2019,534,528.9577,0.3922
toyama,16201,2019,551,542.4853,0.4735
toyama,16202,2019,573,571.6179,0.5139
toyama,16204,2019,545,542.1789,0.5728
toyama,16205,2019,530,528.4005,0.5750
toyama,16206,2019,543,549.3137,0.4484
toyama,16207,2019,551,564.6233,0.4408
toyama,16208,2019,557,558.5399,0.3633
toyama,16209,2019,562,564.9428,0.4139
toyama,16210,2019,536,532.3695,0.4537
toyama,16211,2019,575,577.1164,0.4377
toyama,16321,2019,564,567.0255,0.4801
toyama,16322,2019,534,534.1380,0.3309
toyama,16323,2019,542,531.8195,0.4254
toyama,16342,2019,577,577.6382,0.3572
toyama,16343,2019,559,559.6494,0.3150
fukui,18201,2020,532,538.0760,0.5423
fukui,18202,2020,481,485.8326,0.3755
fukui,18204,2020,487,489.2087,0.4485
fukui,18205,2020,530,532.8204,0.5936
fukui,18206,2020,506,507.4086,0.7260
fukui,18207,2020,524,529.3794,0.4297
fukui,18208,2020,532,535.0656,0.3952
fukui,18209,2020,522,526.4272,0.4969
fukui,18210,2020,533,539.3598,0.7401
fukui,18322,2020,501,503.0420,0.7248
fukui,18382,2020,439,442.4578,0.4476
fukui,18404,2020,478,476.9242,1.2839
fukui,18423,2020,509,511.9343,0.4390
fukui,18442,2020,488,490.3731,0.7456
fukui,18481,2020,481,480.8231,0.3477
fukui,18483,2020,483,482.8368,0.6638
fukui,18501,2020,491,492.6930,0.4147
ishikawa,17201,2020,545,546.7061,0.9671
ishikawa,17202,2020,497,498.1202,0.4460
ishikawa,17203,2020,543,541.7293,0.3971
ishikawa,17204,2020,485,487.5544,1.0699
ishikawa,17205,2020,487,488.0603,0.5465
ishikawa,17206,2020,542,542.3876,0.3181
ishikawa,17207,2020,514,520.6188,0.4138
ishikawa,17209,2020,533,532.1025,0.5552
ishikawa,17210,2020,573,565.8784,0.5622
ishikawa,17211,2020,550,548.9195,0.4021
ishikawa,17212,2020,571,568.5431,0.3915
ishikawa,17324,2020,571,567.7656,0.4056
ishikawa,17361,2020,537,536.1924,0.8799
ishikawa,17365,2020,526,522.9956,0.3520
ishikawa,17384,2020,517,510.3380,0.6055
ishikawa,17386,2020,514,521.9538,0.8017
ishikawa,17407,2020,509,502.8042,0.4191
ishikawa,17461,2020,468,473.8151,0.5111
ishikawa,17463,2020,472,471.0321,0.6528
niigata,15100,2020,581,586.1543,1.0503
niigata,15202,2020,549,544.5141,1.0790
niigata,15204,2020,572,563.2162,1.6738
niigata,15205,2020,538,529.1104,0.7319
niigata,15206,2020,555,564.0912,1.3587
niigata,15208,2020,578,561.6851,0.5505
niigata,15209,2020,566,558.7295,1.5840
niigata,15210,2020,544,528.3774,1.4273
niigata,15211,2020,547,551.7700,1.0813
niigata,15212,2020,551,554.4887,1.3830
niigata,15213,2020,580,592.2677,0.9873
niigata,15216,2020,507,492.6474,1.5837
niigata,15217,2020,546,532.6506,0.8265
niigata,15218,2020,541,533.1953,1.0297
niigata,15222,2020,560,541.2048,0.6286
niigata,15223,2020,547,553.3678,0.9465
niigata,15224,2020,522,537.5368,0.6462
niigata,15225,2020,554,538.7504,1.0746
niigata,15226,2020,556,535.7012,0.8524
niigata,15227,2020,555,561.4027,1.0777
niigata,15307,2020,554,570.5568,0.6054
niigata,15342,2020,574,589.4456,0.6887
niigata,15361,2020,563,565.2071,0.7789
niigata,15385,2020,532,515.1523,1.0027
niigata,15405,2020,539,531.4698,0.7814
niigata,15461,2020,490,469.8752,0.6613
niigata,15482,2020,580,567.8858,0.5939
niigata,15504,2020,552,546.8811,0.5916
niigata,15581,2020,534,537.3113,0.7676
toyama,16201,2020,551,554.6582,0.6827
toyama,16202,2020,576,571.9375,0.7867
toyama,16204,2020,545,547.9722,0.5631
toyama,16205,2020,536,532.2183,0.7087
toyama,16206,2020,546,550.6623,0.5224
toyama,16207,2020,555,564.5656,0.4624
toyama,16208,2020,560,562.3556,0.6166
toyama,16209,2020,566,564.1188,0.3414
toyama,16210,2020,538,533.7623,0.6946
toyama,16211,2020,584,580.1075,0.5510
toyama,16321,2020,568,574.7936,0.3766
toyama,16322,2020,538,539.5060,0.8573
toyama,16323,2020,542,540.2984,0.6800
toyama,16342,2020,577,586.7027,0.4077
toyama,16343,2020,559,564.6812,0.4264
fukui,18201,2021,528,532.8911,0.4610
fukui,18202,2021,487,484.5989,0.3577
fukui,18204,2021,494,493.2079,0.3724
fukui,18205,2021,525,525.9566,0.6155
fukui,18206,2021,501,499.8039,0.6865
fukui,18207,2021,518,524.6833,0.4564
fukui,18208,2021,525,532.8108,0.4567
fukui,18209,2021,511,523.2670,0.4718
fukui,18210,2021,527,534.9158,0.4286
fukui,18322,2021,494,496.4996,0.5389
fukui,18382,2021,428,440.2629,0.4054
fukui,18404,2021,466,478.4195,0.5575
fukui,18423,2021,503,510.4325,0.3917
fukui,18442,2021,494,490.4672,0.5217
fukui,18481,2021,488,485.0397,0.5640
fukui,18483,2021,489,489.6080,0.5357
fukui,18501,2021,498,494.6978,0.4455
ishikawa,17201,2021,539,526.1663,0.6346
ishikawa,17202,2021,492,489.4499,0.6852
ishikawa,17203,2021,546,533.8063,0.4341
ishikawa,17204,2021,473,478.5020,0.8221
ishikawa,17205,2021,469,483.1593,0.4654
ishikawa,17206,2021,543,537.2133,0.3414
ishikawa,17207,2021,520,509.4045,0.4295
ishikawa,17209,2021,531,526.9717,0.4025
ishikawa,17210,2021,570,559.1298,0.4002
ishikawa,17211,2021,553,544.0050,0.3289
ishikawa,17212,2021,566,558.7240,0.3432
ishikawa,17324,2021,573,560.9756,0.3210
ishikawa,17361,2021,537,529.1887,0.4686
ishikawa,17365,2021,516,513.7932,0.3463
ishikawa,17384,2021,511,502.0593,0.5216
ishikawa,17386,2021,518,510.6422,0.4305
ishikawa,17407,2021,509,498.2454,0.4489
ishikawa,17461,2021,458,466.0579,0.6476
ishikawa,17463,2021,456,463.5940,0.5065
niigata,15100,2021,557,568.3113,0.8082
niigata,15202,2021,515,527.8548,1.3200
niigata,15204,2021,536,546.5552,0.9755
niigata,15205,2021,504,513.6636,0.6478
niigata,15206,2021,539,542.8801,0.5369
niigata,15208,2021,525,535.8983,0.8400
niigata,15209,2021,534,542.3850,0.9933
niigata,15210,2021,496,510.6516,1.0270
niigata,15211,2021,521,534.1444,0.9483
niigata,15212,2021,521,534.9245,0.7912
niigata,15213,2021,557,578.1277,0.5555
niigata,15216,2021,462,472.9327,0.7149
niigata,15217,2021,517,511.3778,1.0648
niigata,15218,2021,509,515.1364,0.8132
niigata,15222,2021,530,524.6026,0.6823
niigata,15223,2021,532,530.3150,0.6438
niigata,15224,2021,510,512.3918,0.6418
niigata,15225,2021,498,517.4968,0.7862
niigata,15226,2021,500,517.7365,0.7461
niigata,15227,2021,537,541.3114,0.7654
niigata,15307,2021,539,549.4138,0.4345
niigata,15342,2021,555,574.2584,0.4143
niigata,15361,2021,536,549.7779,0.6983
niigata,15385,2021,508,503.8205,0.8811
niigata,15405,2021,507,515.4081,0.3858
niigata,15461,2021,456,454.2196,0.5534
niigata,15482,2021,528,543.0842,0.8538
niigata,15504,2021,517,528.2069,0.4781
niigata,15581,2021,504,516.6720,0.6722
toyama,16201,2021,548,541.0370,0.7735
toyama,16202,2021,568,565.2919,0.4419
toyama,16204,2021,541,538.5170,0.4563
toyama,16205,2021,531,528.4629,0.6864
toyama,16206,2021,539,541.9657,0.4780
toyama,16207,2021,549,550.3780,0.5625
toyama,16208,2021,556,557.0759,0.4238
toyama,16209,2021,564,561.0642,0.4977
toyama,16210,2021,530,529.8236,0.5687
toyama,16211,2021,578,569.9590,0.5846
toyama,16321,2021,568,563.1229,0.3139
toyama,16322,2021,533,530.3100,0.3297
toyama,16323,2021,533,532.1677,0.3453
toyama,16342,2021,577,568.3115,0.5393
toyama,16343,2021,551,546.3484,0.6786
fukui,18201,2022,531,539.0838,0.9756
fukui,18202,2022,478,492.5791,0.9195
fukui,18204,2022,485,496.1506,1.1414
fukui,18205,2022,526,531.4147,1.0569
fukui,18206,2022,498,511.8416,0.8280
fukui,18207,2022,520,530.5254,0.3731
fukui,18208,2022,527,538.3029,0.2726
fukui,18209,2022,518,527.2488,0.6138
fukui,18210,2022,531,540.7980,0.3975
fukui,18322,2022,496,507.2267,0.3244
fukui,18382,2022,431,445.2786,0.2889
fukui,18404,2022,428,482.7752,0.4628
fukui,18423,2022,505,515.8973,0.2987
fukui,18442,2022,487,499.6756,0.6704
fukui,18481,2022,478,492.8741,0.8448
fukui,18483,2022,479,493.4150,0.2853
fukui,18501,2022,489,504.0228,0.2872
ishikawa,17201,2022,552,544.4734,0.4489
ishikawa,17202,2022,495,493.1156,0.3338
ishikawa,17203,2022,542,545.5979,0.3539
ishikawa,17204,2022,482,482.1686,0.4170
ishikawa,17205,2022,481,481.5007,0.3040
ishikawa,17206,2022,546,546.3091,0.3612
ishikawa,17207,2022,521,520.8059,0.2799
ishikawa,17209,2022,541,534.1647,0.2632
ishikawa,17210,2022,577,568.9026,0.3160
ishikawa,17211,2022,550,552.5490,0.3533
ishikawa,17212,2022,575,570.1180,0.2668
ishikawa,17324,2022,577,569.8631,0.2799
ishikawa,17361,2022,546,538.6408,0.2708
ishikawa,17365,2022,528,520.8175,0.2695
ishikawa,17384,2022,515,509.7937,0.3226
ishikawa,17386,2022,524,518.2815,0.2947
ishikawa,17407,2022,508,506.5649,0.2756
ishikawa,17461,2022,473,466.2966,0.2603
ishikawa,17463,2022,475,467.4786,0.2896
niigata,15100,2022,571,565.3920,0.5731
niigata,15202,2022,533,531.2270,0.6104
niigata,15204,2022,552,549.0956,0.6502
niigata,15205,2022,523,512.6125,0.5941
niigata,15206,2022,557,550.0592,0.4735
niigata,15208,2022,552,544.2671,0.3804
niigata,15209,2022,546,546.6588,0.3344
niigata,15210,2022,519,509.6499,0.4412
niigata,15211,2022,540,533.9621,0.3347
niigata,15212,2022,516,535.9190,0.6084
niigata,15213,2022,575,573.6032,0.3662
niigata,15216,2022,504,475.4762,0.3771
niigata,15217,2022,530,521.2204,0.4999
niigata,15218,2022,528,519.9534,0.3446
niigata,15222,2022,541,532.9687,0.6110
niigata,15223,2022,530,538.8478,0.4029
niigata,15224,2022,527,515.2219,0.4515
niigata,15225,2022,526,520.7104,0.3023
niigata,15226,2022,525,522.9535,0.4547
niigata,15227,2022,541,547.1754,0.5903
niigata,15307,2022,554,550.1085,0.4596
niigata,15342,2022,572,567.3146,0.3412
niigata,15361,2022,555,550.4470,0.3260
niigata,15385,2022,522,503.7069,0.4171
niigata,15405,2022,523,515.0998,0.3360
niigata,15461,2022,479,462.1236,0.2882
niigata,15482,2022,558,543.4545,0.5396
niigata,15504,2022,536,529.9926,0.3550
niigata,15581,2022,489,519.6481,0.4418
toyama,16201,2022,552,551.0459,0.4889
toyama,16202,2022,574,574.7362,0.3228
toyama,16204,2022,546,546.2130,0.3782
toyama,16205,2022,536,534.4632,0.3020
toyama,16206,2022,545,547.7347,0.3811
toyama,16207,2022,555,555.7126,0.4816
toyama,16208,2022,563,563.4686,0.2731
toyama,16209,2022,568,570.8067,0.2526
toyama,16210,2022,534,539.9424,0.3103
toyama,16211,2022,580,584.1085,0.3725
toyama,16321,2022,569,571.2928,0.2482
toyama,16322,2022,539,538.5954,0.2771
toyama,16323,2022,538,538.6349,0.2705
toyama,16342,2022,579,577.3935,0.3480
toyama,16343,2022,557,559.6573,0.3149
fukui,18201,2023,511,528.7267,0.4101
fukui,18202,2023,472,477.3105,0.3777
fukui,18204,2023,468,487.3916,0.2783
fukui,18205,2023,506,525.2774,0.4268
fukui,18206,2023,490,498.6081,0.5880
fukui,18207,2023,501,519.8112,0.2860
fukui,18208,2023,516,525.5902,0.4221
fukui,18209,2023,500,516.4959,0.3414
fukui,18210,2023,512,529.3432,0.3402
fukui,18322,2023,475,495.0617,0.3472
fukui,18382,2023,423,430.0572,0.3360
fukui,18404,2023,469,467.8399,0.5271
fukui,18423,2023,485,505.1695,0.2812
fukui,18442,2023,474,486.6594,0.3644
fukui,18481,2023,469,480.3970,0.2769
fukui,18483,2023,465,481.9231,0.3436
fukui,18501,2023,479,491.3485,0.3018
ishikawa,17201,2023,532,530.3017,0.6244
ishikawa,17202,2023,486,479.9089,0.3034
ishikawa,17203,2023,530,528.6590,0.2612
ishikawa,17204,2023,473,467.9195,0.4883
ishikawa,17205,2023,475,463.7514,0.2667
ishikawa,17206,2023,525,531.0001,0.2519
ishikawa,17207,2023,505,505.3865,0.2530
ishikawa,17209,2023,521,518.4818,0.2725
ishikawa,17210,2023,560,554.7992,0.3391
ishikawa,17211,2023,535,537.1727,0.3724
ishikawa,17212,2023,557,553.6076,0.2959
ishikawa,17324,2023,556,556.0993,0.2570
ishikawa,17361,2023,523,522.5139,0.2493
ishikawa,17365,2023,510,504.7852,0.2877
ishikawa,17384,2023,508,499.2558,0.3398
ishikawa,17386,2023,506,504.8728,0.3022
ishikawa,17407,2023,501,492.3944,0.2126
ishikawa,17461,2023,464,454.6982,0.2877
ishikawa,17463,2023,465,454.3941,0.2784
niigata,15100,2023,537,552.5430,0.6917
niigata,15202,2023,500,507.7665,0.7778
niigata,15204,2023,519,532.8724,0.7244
niigata,15205,2023,489,501.0931,0.6487
niigata,15206,2023,524,527.6516,0.3760
niigata,15208,2023,517,527.4533,0.6740
niigata,15209,2023,517,529.1394,0.4876
niigata,15210,2023,485,495.5527,0.6118
niigata,15211,2023,505,515.5778,0.8767
niigata,15212,2023,519,514.8345,0.9396
niigata,15213,2023,537,555.1991,0.4052
niigata,15216,2023,456,455.8750,0.5313
niigata,15217,2023,469,500.6173,0.8481
niigata,15218,2023,493,503.3622,0.6044
niigata,15222,2023,485,513.8370,0.6615
niigata,15223,2023,510,518.1742,0.3904
niigata,15224,2023,510,506.7826,0.4511
niigata,15225,2023,495,506.5059,0.7100
niigata,15226,2023,495,504.5938,1.1994
niigata,15227,2023,519,523.2549,0.4472
niigata,15307,2023,524,532.1891,0.4342
niigata,15342,2023,535,552.0530,0.3902
niigata,15361,2023,520,535.7036,0.3876
niigata,15385,2023,485,488.8201,0.7083
niigata,15405,2023,491,499.5929,0.3874
niigata,15461,2023,439,442.2218,0.4534
niigata,15482,2023,521,527.4323,0.4577
niigata,15504,2023,500,514.9819,0.4385
niigata,15581,2023,505,499.6048,0.5634
toyama,16201,2023,521,531.0013,0.5582
toyama,16202,2023,544,556.7637,0.2887
toyama,16204,2023,526,528.0831,0.2869
toyama,16205,2023,511,521.3221,0.3420
toyama,16206,2023,527,528.1611,0.3547
toyama,16207,2023,535,540.1324,0.3446
toyama,16208,2023,528,543.5372,0.3135
toyama,16209,2023,535,550.6416,0.2411
toyama,16210,2023,502,518.3866,0.4962
toyama,16211,2023,566,563.4081,0.3692
toyama,16321,2023,540,553.2902,0.2253
toyama,16322,2023,503,519.7797,0.3152
toyama,16323,2023,502,519.6876,0.3293
toyama,16342,2023,564,559.1844,0.3194
toyama,16343,2023,531,538.9973,0.2351
fukui,18201,2024,542,530.4432,0.4981
fukui,18202,2024,495,480.1884,0.3947
fukui,18204,2024,500,483.8883,0.4327
fukui,18205,2024,540,531.4212,0.5004
fukui,18206,2024,519,503.8095,0.5942
fukui,18207,2024,542,520.1048,0.4293
fukui,18208,2024,551,529.0776,0.2745
fukui,18209,2024,529,513.6886,0.3950
fukui,18210,2024,549,531.9425,0.3680
fukui,18322,2024,505,495.3748,0.5161
fukui,18382,2024,444,428.7520,0.3050
fukui,18404,2024,495,465.4126,0.5359
fukui,18423,2024,516,500.9015,0.3134
fukui,18442,2024,497,486.1226,0.3507
fukui,18481,2024,490,478.3147,0.2685
fukui,18483,2024,488,478.4518,0.4586
fukui,18501,2024,502,490.1935,0.4250
ishikawa,17201,2024,540,536.2407,0.5520
ishikawa,17202,2024,473,480.6258,0.5570
ishikawa,17203,2024,549,535.6499,0.4089
ishikawa,17204,2024,408,467.6616,0.8674
ishikawa,17205,2024,416,465.0624,0.3961
ishikawa,17206,2024,548,539.7992,0.3447
ishikawa,17207,2024,499,507.7499,0.3671
ishikawa,17209,2024,527,523.0614,0.3914
ishikawa,17210,2024,570,564.7693,0.5493
ishikawa,17211,2024,551,542.4955,0.4257
ishikawa,17212,2024,567,561.7065,0.2999
ishikawa,17324,2024,574,565.6699,0.3097
ishikawa,17361,2024,533,526.6071,0.4915
ishikawa,17365,2024,531,509.5785,0.3515
ishikawa,17384,2024,490,500.8152,0.4858
ishikawa,17386,2024,499,510.4057,0.3955
ishikawa,17407,2024,490,494.6229,0.3272
ishikawa,17461,2024,441,457.2030,0.5131
ishikawa,17463,2024,403,456.5415,0.5625
niigata,15100,2024,556,568.5255,1.1762
niigata,15202,2024,525,525.6543,1.4501
niigata,15204,2024,531,542.6582,0.8772
niigata,15205,2024,507,503.7124,0.7974
niigata,15206,2024,546,542.5937,0.8646
niigata,15208,2024,543,541.1106,0.7306
niigata,15209,2024,525,538.2398,0.7522
niigata,15210,2024,529,512.1862,0.6562
niigata,15211,2024,532,528.9199,0.5510
niigata,15212,2024,532,533.1131,1.3768
niigata,15213,2024,563,569.0451,0.8036
niigata,15216,2024,486,473.2368,0.5486
niigata,15217,2024,525,517.9282,0.8384
niigata,15218,2024,516,516.8683,0.7479
niigata,15222,2024,536,520.5863,0.6388
niigata,15223,2024,535,531.9801,0.8765
niigata,15224,2024,497,522.1172,1.0785
niigata,15225,2024,536,528.1255,1.0046
niigata,15226,2024,535,525.0337,0.7772
niigata,15227,2024,540,542.8500,0.5034
niigata,15307,2024,544,544.8432,0.6920
niigata,15342,2024,559,567.5971,0.6567
niigata,15361,2024,530,547.4827,0.5625
niigata,15385,2024,494,508.5490,1.7001
niigata,15405,2024,508,512.4814,0.5301
niigata,15461,2024,471,470.2704,0.4838
niigata,15482,2024,557,553.8664,0.5973
niigata,15504,2024,513,521.8191,0.4060
niigata,15581,2024,524,517.4235,0.9760
toyama,16201,2024,536,540.8121,0.8748
toyama,16202,2024,562,560.1082,0.6606
toyama,16204,2024,532,531.0445,0.3874
toyama,16205,2024,519,517.8790,0.7158
toyama,16206,2024,537,535.2317,0.2989
toyama,16207,2024,542,545.3047,0.3954
toyama,16208,2024,539,547.6793,0.4773
toyama,16209,2024,548,554.1151,0.3676
toyama,16210,2024,519,522.2557,0.4893
toyama,16211,2024,573,570.8070,0.3778
toyama,16321,2024,549,560.0527,0.3372
toyama,16322,2024,518,525.6713,0.4622
toyama,16323,2024,517,523.0790,0.4312
toyama,16342,2024,572,567.5310,0.5292
toyama,16343,2024,542,542.3593,0.5104
fukui,18201,2025,544,527.8085,0.4455
fukui,18202,2025,498,483.6322,0.4509
fukui,18204,2025,501,484.9037,0.2851
fukui,18205,2025,537,527.0394,0.2998
fukui,18206,2025,523,508.3544,0.5010
fukui,18207,2025,542,521.4514,0.2484
fukui,18208,2025,550,528.9081,0.3084
fukui,18209,2025,529,516.4228,0.3591
fukui,18210,2025,557,531.2168,0.3143
fukui,18322,2025,512,494.8877,0.3912
fukui,18382,2025,451,434.3121,0.2848
fukui,18404,2025,495,474.9432,0.3397
fukui,18423,2025,516,503.2904,0.2536
fukui,18442,2025,500,485.8091,0.3096
fukui,18481,2025,487,479.4393,0.2138
fukui,18483,2025,492,478.8720,0.2404
fukui,18501,2025,506,490.2080,0.2787
ishikawa,17201,2025,543,537.0788,0.4200
ishikawa,17202,2025,492,479.8431,0.4077
ishikawa,17203,2025,550,535.4241,0.3006
ishikawa,17204,2025,470,464.4199,1.1178
ishikawa,17205,2025,475,464.1496,0.3232
ishikawa,17206,2025,549,536.0707,0.2556
ishikawa,17207,2025,513,508.1837,0.2702
ishikawa,17209,2025,530,528.5740,0.3414
ishikawa,17210,2025,572,563.9985,0.2915
ishikawa,17211,2025,554,543.4816,0.2483
ishikawa,17212,2025,570,562.7464,0.2239
ishikawa,17324,2025,574,565.4689,0.2324
ishikawa,17361,2025,537,532.0665,0.2847
ishikawa,17365,2025,500,520.7794,0.2821
ishikawa,17384,2025,510,502.9144,0.4604
ishikawa,17386,2025,510,511.2185,0.2716
ishikawa,17407,2025,503,495.4571,0.2141
ishikawa,17461,2025,463,454.7373,0.3258
ishikawa,17463,2025,462,455.3423,0.3857
niigata,15100,2025,567,555.8304,0.6236
niigata,15202,2025,539,518.2886,0.8117
niigata,15204,2025,559,535.1952,0.5219
niigata,15205,2025,528,506.4859,0.4593
niigata,15206,2025,545,539.3512,0.2988
niigata,15208,2025,555,535.1538,0.2662
niigata,15209,2025,554,532.6752,0.3077
niigata,15210,2025,526,506.7108,0.6075
niigata,15211,2025,548,523.9785,0.2765
niigata,15212,2025,529,528.0658,0.4814
niigata,15213,2025,572,561.2376,0.3068
niigata,15216,2025,480,475.5466,0.3543
niigata,15217,2025,517,508.7431,0.7172
niigata,15218,2025,521,508.7619,0.2789
niigata,15222,2025,532,523.0533,0.3608
niigata,15223,2025,534,522.7728,0.2514
niigata,15224,2025,492,508.9381,0.5490
niigata,15225,2025,534,511.4724,0.4570
niigata,15226,2025,534,514.6064,0.3423
niigata,15227,2025,540,533.6892,0.3076
niigata,15307,2025,544,541.7202,0.2359
niigata,15342,2025,567,556.9156,0.3047
niigata,15361,2025,559,539.1447,0.2506
niigata,15385,2025,508,492.2568,0.4310
niigata,15405,2025,529,504.7990,0.2338
niigata,15461,2025,473,457.3886,0.3601
niigata,15482,2025,561,539.9381,0.4767
niigata,15504,2025,538,522.7958,0.2542
niigata,15581,2025,515,515.7458,0.3666
toyama,16201,2025,543,530.6175,0.5076
toyama,16202,2025,569,562.4922,0.1997
toyama,16204,2025,539,536.8217,0.3021
toyama,16205,2025,526,526.2496,0.4022
toyama,16206,2025,543,539.8974,0.2129
toyama,16207,2025,549,548.5225,0.2782
toyama,16208,2025,545,548.6102,0.2361
toyama,16209,2025,557,558.7519,0.2138
toyama,16210,2025,526,525.5651,0.2598
toyama,16211,2025,580,572.5848,0.2583
toyama,16321,2025,553,554.0414,0.2327
toyama,16322,2025,522,526.1790,0.2408
toyama,16323,2025,521,521.5731,0.2246
toyama,16342,2025,579,574.0795,0.2608
toyama,16343,2025,549,550.5394,0.2485
