prefecture,area_code,year,observed_yield,estimate,input_standard_uncertainty,lower_68,upper_68,lower_90,upper_90,lower_95,upper_95
fukui,18201,2020,532,538.0760,0.5423,527.5464,548.6056,520.6598,555.4922,517.3233,558.8287
fukui,18202,2020,481,485.8326,0.3755,475.3030,496.3622,468.4164,503.2488,465.0799,506.5853
fukui,18204,2020,487,489.2087,0.4485,478.6791,499.7383,471.7925,506.6249,468.4560,509.9614
fukui,18205,2020,530,532.8204,0.5936,522.2908,543.3500,515.4042,550.2366,512.0677,553.5731
fukui,18206,2020,506,507.4086,0.7260,496.8790,517.9383,489.9924,524.8248,486.6559,528.1613
fukui,18207,2020,524,529.3794,0.4297,518.8498,539.9091,511.9632,546.7957,508.6267,550.1321
fukui,18208,2020,532,535.0656,0.3952,524.5360,545.5952,517.6494,552.4818,514.3129,555.8183
fukui,18209,2020,522,526.4272,0.4969,515.8976,536.9569,509.0110,543.8434,505.6745,547.1799
fukui,18210,2020,533,539.3598,0.7401,528.8302,549.8895,521.9436,556.7760,518.6071,560.1125
fukui,18322,2020,501,503.0420,0.7248,492.5124,513.5716,485.6258,520.4582,482.2893,523.7947
fukui,18382,2020,439,442.4578,0.4476,431.9282,452.9874,425.0416,459.8740,421.7051,463.2105
fukui,18404,2020,478,476.9242,1.2839,463.4052,490.4432,454.5635,499.2849,450.2797,503.5686
fukui,18423,2020,509,511.9343,0.4390,501.4047,522.4640,494.5181,529.3505,491.1816,532.6870
fukui,18442,2020,488,490.3731,0.7456,479.8435,500.9028,472.9569,507.7893,469.6204,511.1258
fukui,18481,2020,481,480.8231,0.3477,470.2935,491.3527,463.4069,498.2393,460.0704,501.5758
fukui,18483,2020,483,482.8368,0.6638,472.3072,493.3664,465.4206,500.2530,462.0841,503.5895
fukui,18501,2020,491,492.6930,0.4147,482.1634,503.2226,475.2768,510.1092,471.9403,513.4457
ishikawa,17201,2020,545,546.7061,0.9671,536.1765,557.2357,529.2899,564.1223,525.9534,567.4588
ishikawa,17202,2020,497,498.1202,0.4460,487.5906,508.6499,480.7040,515.5365,477.3675,518.8729
ishikawa,17203,2020,543,541.7293,0.3971,531.1997,552.2589,524.3131,559.1455,520.9766,562.4820
ishikawa,17204,2020,485,487.5544,1.0699,476.2889,498.8199,468.9211,506.1877,465.3514,509.7574
ishikawa,17205,2020,487,488.0603,0.5465,477.5307,498.5899,470.6441,505.4765,467.3076,508.8130
ishikawa,17206,2020,542,542.3876,0.3181,531.8580,552.9172,524.9714,559.8038,521.6349,563.1403
ishikawa,17207,2020,514,520.6188,0.4138,510.0892,531.1485,503.2026,538.0351,499.8661,541.3715
ishikawa,17209,2020,533,532.1025,0.5552,521.5729,542.6321,514.6863,549.5187,511.3498,552.8552
ishikawa,17210,2020,573,565.8784,0.5622,555.3488,576.4080,548.4622,583.2946,545.1257,586.6311
ishikawa,17211,2020,550,548.9195,0.4021,538.3898,559.4491,531.5033,566.3357,528.1668,569.6722
ishikawa,17212,2020,571,568.5431,0.3915,558.0134,579.0727,551.1269,585.9593,547.7904,589.2958
ishikawa,17324,2020,571,567.7656,0.4056,557.2359,578.2952,550.3494,585.1818,547.0129,588.5183
ishikawa,17361,2020,537,536.1924,0.8799,525.6627,546.7220,518.7762,553.6086,515.4397,556.9451
ishikawa,17365,2020,526,522.9956,0.3520,512.4660,533.5252,505.5794,540.4118,502.2429,543.7483
ishikawa,17384,2020,517,510.3380,0.6055,499.8083,520.8676,492.9218,527.7542,489.5853,531.0907
ishikawa,17386,2020,514,521.9538,0.8017,511.4242,532.4835,504.5376,539.3700,501.2011,542.7065
ishikawa,17407,2020,509,502.8042,0.4191,492.2746,513.3338,485.3880,520.2204,482.0515,523.5569
ishikawa,17461,2020,468,473.8151,0.5111,463.2855,484.3447,456.3989,491.2313,453.0624,494.5678
ishikawa,17463,2020,472,471.0321,0.6528,460.5025,481.5617,453.6159,488.4483,450.2794,491.7848
niigata,15100,2020,581,586.1543,1.0503,575.0956,597.2131,567.8630,604.4457,564.3588,607.9499
niigata,15202,2020,549,544.5141,1.0790,533.1522,555.8759,525.7213,563.3068,522.1212,566.9070
niigata,15204,2020,572,563.2162,1.6738,545.5916,580.8408,534.0648,592.3676,528.4801,597.9523
niigata,15205,2020,538,529.1104,0.7319,518.5808,539.6401,511.6942,546.5266,508.3577,549.8631
niigata,15206,2020,555,564.0912,1.3587,549.7847,578.3977,540.4279,587.7544,535.8947,592.2877
niigata,15208,2020,578,561.6851,0.5505,551.1555,572.2147,544.2689,579.1013,540.9324,582.4378
niigata,15209,2020,566,558.7295,1.5840,542.0502,575.4089,531.1415,586.3176,525.8564,591.6027
niigata,15210,2020,544,528.3774,1.4273,513.3488,543.4060,503.5198,553.2350,498.7577,557.9970
niigata,15211,2020,547,551.7700,1.0813,540.3842,563.1558,532.9376,570.6023,529.3299,574.2101
niigata,15212,2020,551,554.4887,1.3830,539.9263,569.0511,530.4022,578.5753,525.7878,583.1896
niigata,15213,2020,580,592.2677,0.9873,581.7380,602.7973,574.8515,609.6839,571.5150,613.0204
niigata,15216,2020,507,492.6474,1.5837,475.9715,509.3234,465.0650,520.2299,459.7810,525.5139
niigata,15217,2020,546,532.6506,0.8265,522.1210,543.1802,515.2344,550.0668,511.8979,553.4033
niigata,15218,2020,541,533.1953,1.0297,522.3530,544.0377,515.2619,551.1288,511.8263,554.5644
niigata,15222,2020,560,541.2048,0.6286,530.6752,551.7345,523.7886,558.6210,520.4521,561.9575
niigata,15223,2020,547,553.3678,0.9465,542.8382,563.8974,535.9516,570.7840,532.6151,574.1205
niigata,15224,2020,522,537.5368,0.6462,527.0072,548.0664,520.1206,554.9530,516.7841,558.2895
niigata,15225,2020,554,538.7504,1.0746,527.4356,550.0652,520.0354,557.4653,516.4502,561.0506
niigata,15226,2020,556,535.7012,0.8524,525.1716,546.2308,518.2850,553.1174,514.9485,556.4539
niigata,15227,2020,555,561.4027,1.0777,550.0547,572.7507,542.6329,580.1725,539.0371,583.7683
niigata,15307,2020,554,570.5568,0.6054,560.0272,581.0865,553.1406,587.9730,549.8041,591.3095
niigata,15342,2020,574,589.4456,0.6887,578.9159,599.9752,572.0293,606.8618,568.6929,610.1983
niigata,15361,2020,563,565.2071,0.7789,554.6775,575.7367,547.7909,582.6233,544.4544,585.9598
niigata,15385,2020,532,515.1523,1.0027,504.5944,525.7103,497.6892,532.6154,494.3438,535.9609
niigata,15405,2020,539,531.4698,0.7814,520.9402,541.9994,514.0536,548.8860,510.7171,552.2225
niigata,15461,2020,490,469.8752,0.6613,459.3456,480.4049,452.4590,487.2915,449.1226,490.6279
niigata,15482,2020,580,567.8858,0.5939,557.3562,578.4154,550.4696,585.3020,547.1331,588.6385
niigata,15504,2020,552,546.8811,0.5916,536.3515,557.4107,529.4649,564.2973,526.1284,567.6338
niigata,15581,2020,534,537.3113,0.7676,526.7817,547.8409,519.8951,554.7275,516.5586,558.0640
toyama,16201,2020,551,554.6582,0.6827,544.1286,565.1879,537.2420,572.0745,533.9055,575.4109
toyama,16202,2020,576,571.9375,0.7867,561.4079,582.4671,554.5213,589.3537,551.1848,592.6902
toyama,16204,2020,545,547.9722,0.5631,537.4426,558.5018,530.5560,565.3884,527.2195,568.7249
toyama,16205,2020,536,532.2183,0.7087,521.6887,542.7479,514.8021,549.6345,511.4656,552.9710
toyama,16206,2020,546,550.6623,0.5224,540.1327,561.1919,533.2461,568.0785,529.9096,571.4150
toyama,16207,2020,555,564.5656,0.4624,554.0360,575.0952,547.1494,581.9818,543.8129,585.3183
toyama,16208,2020,560,562.3556,0.6166,551.8259,572.8852,544.9394,579.7718,541.6029,583.1083
toyama,16209,2020,566,564.1188,0.3414,553.5891,574.6484,546.7026,581.5350,543.3661,584.8715
toyama,16210,2020,538,533.7623,0.6946,523.2327,544.2919,516.3461,551.1785,513.0096,554.5150
toyama,16211,2020,584,580.1075,0.5510,569.5778,590.6371,562.6913,597.5237,559.3548,600.8602
toyama,16321,2020,568,574.7936,0.3766,564.2640,585.3233,557.3774,592.2098,554.0409,595.5463
toyama,16322,2020,538,539.5060,0.8573,528.9764,550.0356,522.0898,556.9222,518.7533,560.2587
toyama,16323,2020,542,540.2984,0.6800,529.7687,550.8280,522.8821,557.7146,519.5457,561.0511
toyama,16342,2020,577,586.7027,0.4077,576.1730,597.2323,569.2864,604.1189,565.9500,607.4554
toyama,16343,2020,559,564.6812,0.4264,554.1516,575.2108,547.2650,582.0974,543.9285,585.4339
fukui,18201,2021,528,532.8911,0.4610,523.6883,542.0939,517.6694,548.1127,514.7534,551.0288
fukui,18202,2021,487,484.5989,0.3577,475.3960,493.8017,469.3772,499.8205,466.4611,502.7366
fukui,18204,2021,494,493.2079,0.3724,484.0051,502.4107,477.9863,508.4296,475.0702,511.3456
fukui,18205,2021,525,525.9566,0.6155,516.7538,535.1594,510.7349,541.1782,507.8189,544.0943
fukui,18206,2021,501,499.8039,0.6865,490.6011,509.0068,484.5823,515.0256,481.6662,517.9417
fukui,18207,2021,518,524.6833,0.4564,515.4805,533.8861,509.4616,539.9049,506.5456,542.8210
fukui,18208,2021,525,532.8108,0.4567,523.6080,542.0136,517.5891,548.0324,514.6731,550.9485
fukui,18209,2021,511,523.2670,0.4718,514.0642,532.4698,508.0453,538.4886,505.1293,541.4047
fukui,18210,2021,527,534.9158,0.4286,525.7130,544.1187,519.6942,550.1375,516.7781,553.0536
fukui,18322,2021,494,496.4996,0.5389,487.2968,505.7024,481.2779,511.7213,478.3619,514.6373
fukui,18382,2021,428,440.2629,0.4054,431.0600,449.4657,425.0412,455.4845,422.1251,458.4006
fukui,18404,2021,466,478.4195,0.5575,469.2166,487.6223,463.1978,493.6411,460.2817,496.5572
fukui,18423,2021,503,510.4325,0.3917,501.2296,519.6353,495.2108,525.6541,492.2947,528.5702
fukui,18442,2021,494,490.4672,0.5217,481.2644,499.6701,475.2456,505.6889,472.3295,508.6050
fukui,18481,2021,488,485.0397,0.5640,475.8369,494.2425,469.8181,500.2614,466.9020,503.1774
fukui,18483,2021,489,489.6080,0.5357,480.4052,498.8108,474.3864,504.8297,471.4703,507.7457
fukui,18501,2021,498,494.6978,0.4455,485.4950,503.9006,479.4761,509.9194,476.5601,512.8355
ishikawa,17201,2021,539,526.1663,0.6346,516.9634,535.3691,510.9446,541.3879,508.0285,544.3040
ishikawa,17202,2021,492,489.4499,0.6852,480.2471,498.6527,474.2282,504.6715,471.3122,507.5876
ishikawa,17203,2021,546,533.8063,0.4341,524.6035,543.0092,518.5847,549.0280,515.6686,551.9441
ishikawa,17204,2021,473,478.5020,0.8221,469.2992,487.7048,463.2804,493.7237,460.3643,496.6397
ishikawa,17205,2021,469,483.1593,0.4654,473.9565,492.3622,467.9377,498.3810,465.0216,501.2971
ishikawa,17206,2021,543,537.2133,0.3414,528.0105,546.4161,521.9916,552.4350,519.0756,555.3510
ishikawa,17207,2021,520,509.4045,0.4295,500.2017,518.6073,494.1828,524.6262,491.2668,527.5422
ishikawa,17209,2021,531,526.9717,0.4025,517.7689,536.1746,511.7501,542.1934,508.8340,545.1095
ishikawa,17210,2021,570,559.1298,0.4002,549.9269,568.3326,543.9081,574.3514,540.9920,577.2675
ishikawa,17211,2021,553,544.0050,0.3289,534.8022,553.2078,528.7834,559.2267,525.8673,562.1427
ishikawa,17212,2021,566,558.7240,0.3432,549.5212,567.9269,543.5024,573.9457,540.5863,576.8618
ishikawa,17324,2021,573,560.9756,0.3210,551.7728,570.1785,545.7540,576.1973,542.8379,579.1134
ishikawa,17361,2021,537,529.1887,0.4686,519.9859,538.3916,513.9671,544.4104,511.0510,547.3265
ishikawa,17365,2021,516,513.7932,0.3463,504.5904,522.9960,498.5716,529.0149,495.6555,531.9309
ishikawa,17384,2021,511,502.0593,0.5216,492.8565,511.2622,486.8377,517.2810,483.9216,520.1971
ishikawa,17386,2021,518,510.6422,0.4305,501.4394,519.8450,495.4206,525.8639,492.5045,528.7799
ishikawa,17407,2021,509,498.2454,0.4489,489.0425,507.4482,483.0237,513.4670,480.1076,516.3831
ishikawa,17461,2021,458,466.0579,0.6476,456.8551,475.2608,450.8363,481.2796,447.9202,484.1957
ishikawa,17463,2021,456,463.5940,0.5065,454.3912,472.7968,448.3723,478.8156,445.4563,481.7317
niigata,15100,2021,557,568.3113,0.8082,559.1085,577.5141,553.0897,583.5330,550.1736,586.4490
niigata,15202,2021,515,527.8548,1.3200,515.7067,540.0028,507.7617,547.9479,503.9124,551.7972
niigata,15204,2021,536,546.5552,0.9755,537.3524,555.7581,531.3336,561.7769,528.4175,564.6930
niigata,15205,2021,504,513.6636,0.6478,504.4608,522.8664,498.4419,528.8853,495.5259,531.8013
niigata,15206,2021,539,542.8801,0.5369,533.6773,552.0829,527.6584,558.1018,524.7424,561.0178
niigata,15208,2021,525,535.8983,0.8400,526.6954,545.1011,520.6766,551.1199,517.7605,554.0360
niigata,15209,2021,534,542.3850,0.9933,533.1821,551.5878,527.1633,557.6066,524.2472,560.5227
niigata,15210,2021,496,510.6516,1.0270,501.2004,520.1028,495.0191,526.2841,492.0243,529.2789
niigata,15211,2021,521,534.1444,0.9483,524.9416,543.3472,518.9227,549.3661,516.0067,552.2821
niigata,15212,2021,521,534.9245,0.7912,525.7216,544.1273,519.7028,550.1461,516.7867,553.0622
niigata,15213,2021,557,578.1277,0.5555,568.9249,587.3305,562.9061,593.3494,559.9900,596.2654
niigata,15216,2021,462,472.9327,0.7149,463.7299,482.1355,457.7111,488.1544,454.7950,491.0704
niigata,15217,2021,517,511.3778,1.0648,501.5785,521.1771,495.1695,527.5861,492.0644,530.6911
niigata,15218,2021,509,515.1364,0.8132,505.9336,524.3392,499.9148,530.3581,496.9987,533.2741
niigata,15222,2021,530,524.6026,0.6823,515.3998,533.8054,509.3810,539.8243,506.4649,542.7403
niigata,15223,2021,532,530.3150,0.6438,521.1121,539.5178,515.0933,545.5366,512.1772,548.4527
niigata,15224,2021,510,512.3918,0.6418,503.1889,521.5946,497.1701,527.6134,494.2540,530.5295
niigata,15225,2021,498,517.4968,0.7862,508.2939,526.6996,502.2751,532.7184,499.3590,535.6345
niigata,15226,2021,500,517.7365,0.7461,508.5337,526.9393,502.5148,532.9581,499.5988,535.8742
niigata,15227,2021,537,541.3114,0.7654,532.1086,550.5143,526.0898,556.5331,523.1737,559.4492
niigata,15307,2021,539,549.4138,0.4345,540.2110,558.6166,534.1921,564.6354,531.2761,567.5515
niigata,15342,2021,555,574.2584,0.4143,565.0556,583.4613,559.0368,589.4801,556.1207,592.3962
niigata,15361,2021,536,549.7779,0.6983,540.5750,558.9807,534.5562,564.9995,531.6401,567.9156
niigata,15385,2021,508,503.8205,0.8811,494.6177,513.0233,488.5989,519.0422,485.6828,521.9582
niigata,15405,2021,507,515.4081,0.3858,506.2053,524.6109,500.1864,530.6298,497.2704,533.5458
niigata,15461,2021,456,454.2196,0.5534,445.0168,463.4224,438.9980,469.4413,436.0819,472.3573
niigata,15482,2021,528,543.0842,0.8538,533.8814,552.2870,527.8626,558.3059,524.9465,561.2219
niigata,15504,2021,517,528.2069,0.4781,519.0041,537.4097,512.9852,543.4285,510.0692,546.3446
niigata,15581,2021,504,516.6720,0.6722,507.4692,525.8748,501.4503,531.8937,498.5343,534.8097
toyama,16201,2021,548,541.0370,0.7735,531.8341,550.2398,525.8153,556.2586,522.8992,559.1747
toyama,16202,2021,568,565.2919,0.4419,556.0891,574.4947,550.0703,580.5136,547.1542,583.4296
toyama,16204,2021,541,538.5170,0.4563,529.3142,547.7198,523.2953,553.7387,520.3793,556.6547
toyama,16205,2021,531,528.4629,0.6864,519.2601,537.6657,513.2412,543.6845,510.3252,546.6006
toyama,16206,2021,539,541.9657,0.4780,532.7629,551.1685,526.7440,557.1873,523.8280,560.1034
toyama,16207,2021,549,550.3780,0.5625,541.1752,559.5809,535.1564,565.5997,532.2403,568.5158
toyama,16208,2021,556,557.0759,0.4238,547.8731,566.2788,541.8543,572.2976,538.9382,575.2137
toyama,16209,2021,564,561.0642,0.4977,551.8614,570.2670,545.8425,576.2858,542.9265,579.2019
toyama,16210,2021,530,529.8236,0.5687,520.6208,539.0265,514.6020,545.0453,511.6859,547.9614
toyama,16211,2021,578,569.9590,0.5846,560.7562,579.1618,554.7374,585.1807,551.8213,588.0967
toyama,16321,2021,568,563.1229,0.3139,553.9200,572.3257,547.9012,578.3445,544.9851,581.2606
toyama,16322,2021,533,530.3100,0.3297,521.1071,539.5128,515.0883,545.5316,512.1722,548.4477
toyama,16323,2021,533,532.1677,0.3453,522.9649,541.3706,516.9461,547.3894,514.0300,550.3055
toyama,16342,2021,577,568.3115,0.5393,559.1087,577.5143,553.0899,583.5332,550.1738,586.4492
toyama,16343,2021,551,546.3484,0.6786,537.1456,555.5512,531.1268,561.5701,528.2107,564.4861
fukui,18201,2022,531,539.0838,0.9756,529.9738,548.1938,524.0157,554.1519,521.1290,557.0385
fukui,18202,2022,478,492.5791,0.9195,483.4691,501.6890,477.5110,507.6472,474.6243,510.5338
fukui,18204,2022,485,496.1506,1.1414,485.7523,506.5488,478.9516,513.3495,475.6568,516.6443
fukui,18205,2022,526,531.4147,1.0569,521.7863,541.0431,515.4891,547.3402,512.4382,550.3912
fukui,18206,2022,498,511.8416,0.8280,502.7316,520.9516,496.7735,526.9097,493.8869,529.7964
fukui,18207,2022,520,530.5254,0.3731,521.4155,539.6354,515.4573,545.5936,512.5707,548.4802
fukui,18208,2022,527,538.3029,0.2726,529.1929,547.4129,523.2348,553.3710,520.3481,556.2577
fukui,18209,2022,518,527.2488,0.6138,518.1388,536.3588,512.1807,542.3169,509.2940,545.2036
fukui,18210,2022,531,540.7980,0.3975,531.6880,549.9080,525.7299,555.8661,522.8432,558.7528
fukui,18322,2022,496,507.2267,0.3244,498.1167,516.3367,492.1586,522.2948,489.2719,525.1814
fukui,18382,2022,431,445.2786,0.2889,436.1686,454.3886,430.2105,460.3467,427.3238,463.2333
fukui,18404,2022,428,482.7752,0.4628,473.6652,491.8852,467.7071,497.8433,464.8205,500.7300
fukui,18423,2022,505,515.8973,0.2987,506.7873,525.0073,500.8292,530.9654,497.9425,533.8521
fukui,18442,2022,487,499.6756,0.6704,490.5656,508.7856,484.6075,514.7437,481.7208,517.6303
fukui,18481,2022,478,492.8741,0.8448,483.7641,501.9841,477.8060,507.9422,474.9193,510.8288
fukui,18483,2022,479,493.4150,0.2853,484.3051,502.5250,478.3469,508.4831,475.4603,511.3698
fukui,18501,2022,489,504.0228,0.2872,494.9129,513.1328,488.9547,519.0910,486.0681,521.9776
ishikawa,17201,2022,552,544.4734,0.4489,535.3634,553.5834,529.4053,559.5415,526.5187,562.4282
ishikawa,17202,2022,495,493.1156,0.3338,484.0056,502.2256,478.0475,508.1837,475.1608,511.0703
ishikawa,17203,2022,542,545.5979,0.3539,536.4879,554.7078,530.5297,560.6660,527.6431,563.5526
ishikawa,17204,2022,482,482.1686,0.4170,473.0587,491.2786,467.1005,497.2368,464.2139,500.1234
ishikawa,17205,2022,481,481.5007,0.3040,472.3908,490.6107,466.4326,496.5688,463.5460,499.4555
ishikawa,17206,2022,546,546.3091,0.3612,537.1991,555.4191,531.2410,561.3772,528.3544,564.2639
ishikawa,17207,2022,521,520.8059,0.2799,511.6959,529.9159,505.7378,535.8740,502.8511,538.7607
ishikawa,17209,2022,541,534.1647,0.2632,525.0547,543.2747,519.0966,549.2328,516.2099,552.1194
ishikawa,17210,2022,577,568.9026,0.3160,559.7926,578.0126,553.8345,583.9707,550.9478,586.8573
ishikawa,17211,2022,550,552.5490,0.3533,543.4390,561.6590,537.4809,567.6171,534.5942,570.5037
ishikawa,17212,2022,575,570.1180,0.2668,561.0080,579.2280,555.0499,585.1861,552.1633,588.0728
ishikawa,17324,2022,577,569.8631,0.2799,560.7531,578.9730,554.7949,584.9312,551.9083,587.8178
ishikawa,17361,2022,546,538.6408,0.2708,529.5308,547.7508,523.5727,553.7089,520.6861,556.5956
ishikawa,17365,2022,528,520.8175,0.2695,511.7075,529.9275,505.7494,535.8856,502.8628,538.7723
ishikawa,17384,2022,515,509.7937,0.3226,500.6837,518.9037,494.7256,524.8618,491.8389,527.7484
ishikawa,17386,2022,524,518.2815,0.2947,509.1715,527.3915,503.2134,533.3496,500.3268,536.2363
ishikawa,17407,2022,508,506.5649,0.2756,497.4550,515.6749,491.4968,521.6331,488.6102,524.5197
ishikawa,17461,2022,473,466.2966,0.2603,457.1866,475.4066,451.2285,481.3647,448.3418,484.2513
ishikawa,17463,2022,475,467.4786,0.2896,458.3687,476.5886,452.4105,482.5468,449.5239,485.4334
niigata,15100,2022,571,565.3920,0.5731,556.2820,574.5020,550.3239,580.4601,547.4372,583.3467
niigata,15202,2022,533,531.2270,0.6104,522.1170,540.3370,516.1589,546.2951,513.2723,549.1818
niigata,15204,2022,552,549.0956,0.6502,539.9856,558.2056,534.0275,564.1637,531.1408,567.0504
niigata,15205,2022,523,512.6125,0.5941,503.5025,521.7225,497.5444,527.6806,494.6578,530.5673
niigata,15206,2022,557,550.0592,0.4735,540.9492,559.1692,534.9911,565.1273,532.1044,568.0139
niigata,15208,2022,552,544.2671,0.3804,535.1571,553.3771,529.1990,559.3352,526.3123,562.2218
niigata,15209,2022,546,546.6588,0.3344,537.5488,555.7688,531.5907,561.7269,528.7040,564.6135
niigata,15210,2022,519,509.6499,0.4412,500.5399,518.7599,494.5818,524.7180,491.6951,527.6047
niigata,15211,2022,540,533.9621,0.3347,524.8521,543.0721,518.8940,549.0302,516.0073,551.9169
niigata,15212,2022,516,535.9190,0.6084,526.8090,545.0290,520.8509,550.9871,517.9643,553.8738
niigata,15213,2022,575,573.6032,0.3662,564.4932,582.7132,558.5351,588.6713,555.6485,591.5580
niigata,15216,2022,504,475.4762,0.3771,466.3662,484.5862,460.4081,490.5443,457.5214,493.4310
niigata,15217,2022,530,521.2204,0.4999,512.1104,530.3304,506.1523,536.2885,503.2657,539.1752
niigata,15218,2022,528,519.9534,0.3446,510.8434,529.0634,504.8853,535.0215,501.9987,537.9082
niigata,15222,2022,541,532.9687,0.6110,523.8587,542.0787,517.9006,548.0368,515.0139,550.9234
niigata,15223,2022,530,538.8478,0.4029,529.7378,547.9578,523.7797,553.9159,520.8931,556.8026
niigata,15224,2022,527,515.2219,0.4515,506.1119,524.3319,500.1538,530.2900,497.2671,533.1766
niigata,15225,2022,526,520.7104,0.3023,511.6004,529.8204,505.6423,535.7785,502.7557,538.6652
niigata,15226,2022,525,522.9535,0.4547,513.8435,532.0635,507.8854,538.0216,504.9987,540.9083
niigata,15227,2022,541,547.1754,0.5903,538.0654,556.2854,532.1073,562.2435,529.2207,565.1302
niigata,15307,2022,554,550.1085,0.4596,540.9985,559.2185,535.0404,565.1766,532.1538,568.0633
niigata,15342,2022,572,567.3146,0.3412,558.2046,576.4246,552.2465,582.3827,549.3598,585.2693
niigata,15361,2022,555,550.4470,0.3260,541.3370,559.5570,535.3789,565.5151,532.4922,568.4018
niigata,15385,2022,522,503.7069,0.4171,494.5969,512.8169,488.6388,518.7750,485.7521,521.6616
niigata,15405,2022,523,515.0998,0.3360,505.9898,524.2098,500.0317,530.1679,497.1450,533.0545
niigata,15461,2022,479,462.1236,0.2882,453.0136,471.2336,447.0555,477.1917,444.1688,480.0783
niigata,15482,2022,558,543.4545,0.5396,534.3445,552.5645,528.3864,558.5226,525.4997,561.4092
niigata,15504,2022,536,529.9926,0.3550,520.8826,539.1025,514.9245,545.0607,512.0378,547.9473
niigata,15581,2022,489,519.6481,0.4418,510.5381,528.7581,504.5800,534.7162,501.6933,537.6028
toyama,16201,2022,552,551.0459,0.4889,541.9359,560.1559,535.9778,566.1140,533.0911,569.0006
toyama,16202,2022,574,574.7362,0.3228,565.6263,583.8462,559.6681,589.8044,556.7815,592.6910
toyama,16204,2022,546,546.2130,0.3782,537.1030,555.3230,531.1449,561.2811,528.2582,564.1677
toyama,16205,2022,536,534.4632,0.3020,525.3532,543.5732,519.3951,549.5313,516.5084,552.4179
toyama,16206,2022,545,547.7347,0.3811,538.6247,556.8447,532.6666,562.8028,529.7799,565.6895
toyama,16207,2022,555,555.7126,0.4816,546.6026,564.8226,540.6445,570.7807,537.7579,573.6674
toyama,16208,2022,563,563.4686,0.2731,554.3586,572.5786,548.4005,578.5367,545.5139,581.4234
toyama,16209,2022,568,570.8067,0.2526,561.6967,579.9167,555.7386,585.8748,552.8520,588.7615
toyama,16210,2022,534,539.9424,0.3103,530.8324,549.0523,524.8743,555.0105,521.9876,557.8971
toyama,16211,2022,580,584.1085,0.3725,574.9985,593.2184,569.0404,599.1766,566.1537,602.0632
toyama,16321,2022,569,571.2928,0.2482,562.1828,580.4028,556.2247,586.3609,553.3381,589.2476
toyama,16322,2022,539,538.5954,0.2771,529.4854,547.7054,523.5273,553.6635,520.6406,556.5501
toyama,16323,2022,538,538.6349,0.2705,529.5249,547.7449,523.5668,553.7030,520.6801,556.5896
toyama,16342,2022,579,577.3935,0.3480,568.2835,586.5035,562.3254,592.4616,559.4388,595.3483
toyama,16343,2022,557,559.6573,0.3149,550.5473,568.7673,544.5892,574.7254,541.7026,577.6121
fukui,18201,2023,511,528.7267,0.4101,519.0890,538.3645,512.7857,544.6678,509.7318,547.7217
fukui,18202,2023,472,477.3105,0.3777,467.6727,486.9483,461.3694,493.2516,458.3155,496.3055
fukui,18204,2023,468,487.3916,0.2783,477.7538,497.0293,471.4505,503.3326,468.3966,506.3865
fukui,18205,2023,506,525.2774,0.4268,515.6396,534.9152,509.3363,541.2185,506.2825,544.2724
fukui,18206,2023,490,498.6081,0.5880,488.9703,508.2459,482.6670,514.5492,479.6132,517.6031
fukui,18207,2023,501,519.8112,0.2860,510.1734,529.4490,503.8701,535.7523,500.8162,538.8062
fukui,18208,2023,516,525.5902,0.4221,515.9525,535.2280,509.6492,541.5313,506.5953,544.5852
fukui,18209,2023,500,516.4959,0.3414,506.8581,526.1337,500.5548,532.4370,497.5009,535.4909
fukui,18210,2023,512,529.3432,0.3402,519.7054,538.9810,513.4021,545.2843,510.3482,548.3382
fukui,18322,2023,475,495.0617,0.3472,485.4240,504.6995,479.1207,511.0028,476.0668,514.0567
fukui,18382,2023,423,430.0572,0.3360,420.4194,439.6949,414.1161,445.9982,411.0622,449.0521
fukui,18404,2023,469,467.8399,0.5271,458.2021,477.4777,451.8988,483.7810,448.8449,486.8349
fukui,18423,2023,485,505.1695,0.2812,495.5317,514.8073,489.2284,521.1106,486.1745,524.1645
fukui,18442,2023,474,486.6594,0.3644,477.0216,496.2972,470.7183,502.6005,467.6644,505.6543
fukui,18481,2023,469,480.3970,0.2769,470.7592,490.0348,464.4559,496.3381,461.4020,499.3920
fukui,18483,2023,465,481.9231,0.3436,472.2853,491.5609,465.9820,497.8642,462.9281,500.9181
fukui,18501,2023,479,491.3485,0.3018,481.7107,500.9863,475.4074,507.2896,472.3536,510.3435
ishikawa,17201,2023,532,530.3017,0.6244,520.6639,539.9395,514.3606,546.2428,511.3067,549.2967
ishikawa,17202,2023,486,479.9089,0.3034,470.2711,489.5466,463.9678,495.8499,460.9139,498.9038
ishikawa,17203,2023,530,528.6590,0.2612,519.0213,538.2968,512.7180,544.6001,509.6641,547.6540
ishikawa,17204,2023,473,467.9195,0.4883,458.2817,477.5572,451.9784,483.8605,448.9245,486.9144
ishikawa,17205,2023,475,463.7514,0.2667,454.1136,473.3892,447.8103,479.6925,444.7565,482.7464
ishikawa,17206,2023,525,531.0001,0.2519,521.3623,540.6379,515.0590,546.9412,512.0051,549.9951
ishikawa,17207,2023,505,505.3865,0.2530,495.7487,515.0243,489.4454,521.3276,486.3915,524.3815
ishikawa,17209,2023,521,518.4818,0.2725,508.8440,528.1196,502.5407,534.4229,499.4868,537.4768
ishikawa,17210,2023,560,554.7992,0.3391,545.1614,564.4370,538.8581,570.7403,535.8042,573.7942
ishikawa,17211,2023,535,537.1727,0.3724,527.5350,546.8105,521.2317,553.1138,518.1778,556.1677
ishikawa,17212,2023,557,553.6076,0.2959,543.9698,563.2454,537.6665,569.5487,534.6126,572.6026
ishikawa,17324,2023,556,556.0993,0.2570,546.4616,565.7371,540.1583,572.0404,537.1044,575.0943
ishikawa,17361,2023,523,522.5139,0.2493,512.8761,532.1516,506.5728,538.4549,503.5189,541.5088
ishikawa,17365,2023,510,504.7852,0.2877,495.1474,514.4230,488.8441,520.7263,485.7902,523.7802
ishikawa,17384,2023,508,499.2558,0.3398,489.6180,508.8936,483.3147,515.1969,480.2608,518.2508
ishikawa,17386,2023,506,504.8728,0.3022,495.2350,514.5105,488.9317,520.8138,485.8778,523.8677
ishikawa,17407,2023,501,492.3944,0.2126,482.7566,502.0321,476.4533,508.3355,473.3994,511.3893
ishikawa,17461,2023,464,454.6982,0.2877,445.0604,464.3359,438.7571,470.6392,435.7032,473.6931
ishikawa,17463,2023,465,454.3941,0.2784,444.7563,464.0319,438.4530,470.3352,435.3991,473.3891
niigata,15100,2023,537,552.5430,0.6917,542.9053,562.1808,536.6020,568.4841,533.5481,571.5380
niigata,15202,2023,500,507.7665,0.7778,498.1287,517.4043,491.8254,523.7076,488.7715,526.7615
niigata,15204,2023,519,532.8724,0.7244,523.2346,542.5102,516.9313,548.8135,513.8774,551.8674
niigata,15205,2023,489,501.0931,0.6487,491.4554,510.7309,485.1521,517.0342,482.0982,520.0881
niigata,15206,2023,524,527.6516,0.3760,518.0138,537.2893,511.7105,543.5926,508.6566,546.6465
niigata,15208,2023,517,527.4533,0.6740,517.8155,537.0910,511.5122,543.3943,508.4583,546.4482
niigata,15209,2023,517,529.1394,0.4876,519.5016,538.7771,513.1983,545.0804,510.1444,548.1343
niigata,15210,2023,485,495.5527,0.6118,485.9149,505.1905,479.6116,511.4938,476.5577,514.5477
niigata,15211,2023,505,515.5778,0.8767,505.9400,525.2155,499.6367,531.5188,496.5828,534.5727
niigata,15212,2023,519,514.8345,0.9396,505.1967,524.4723,498.8934,530.7756,495.8395,533.8294
niigata,15213,2023,537,555.1991,0.4052,545.5614,564.8369,539.2581,571.1402,536.2042,574.1941
niigata,15216,2023,456,455.8750,0.5313,446.2373,465.5128,439.9340,471.8161,436.8801,474.8700
niigata,15217,2023,469,500.6173,0.8481,490.9795,510.2551,484.6762,516.5584,481.6224,519.6123
niigata,15218,2023,493,503.3622,0.6044,493.7244,513.0000,487.4211,519.3033,484.3673,522.3572
niigata,15222,2023,485,513.8370,0.6615,504.1992,523.4748,497.8959,529.7781,494.8420,532.8320
niigata,15223,2023,510,518.1742,0.3904,508.5364,527.8120,502.2331,534.1153,499.1792,537.1692
niigata,15224,2023,510,506.7826,0.4511,497.1448,516.4204,490.8415,522.7237,487.7876,525.7776
niigata,15225,2023,495,506.5059,0.7100,496.8681,516.1436,490.5648,522.4470,487.5109,525.5008
niigata,15226,2023,495,504.5938,1.1994,493.0342,516.1534,485.4740,523.7136,481.8112,527.3764
niigata,15227,2023,519,523.2549,0.4472,513.6171,532.8927,507.3138,539.1960,504.2599,542.2498
niigata,15307,2023,524,532.1891,0.4342,522.5513,541.8269,516.2480,548.1302,513.1941,551.1841
niigata,15342,2023,535,552.0530,0.3902,542.4152,561.6908,536.1119,567.9941,533.0581,571.0480
niigata,15361,2023,520,535.7036,0.3876,526.0658,545.3414,519.7625,551.6447,516.7086,554.6986
niigata,15385,2023,485,488.8201,0.7083,479.1823,498.4579,472.8790,504.7612,469.8252,507.8151
niigata,15405,2023,491,499.5929,0.3874,489.9551,509.2307,483.6518,515.5340,480.5979,518.5879
niigata,15461,2023,439,442.2218,0.4534,432.5840,451.8596,426.2807,458.1629,423.2269,461.2168
niigata,15482,2023,521,527.4323,0.4577,517.7945,537.0701,511.4912,543.3734,508.4373,546.4273
niigata,15504,2023,500,514.9819,0.4385,505.3441,524.6197,499.0408,530.9230,495.9869,533.9769
niigata,15581,2023,505,499.6048,0.5634,489.9670,509.2426,483.6637,515.5459,480.6098,518.5998
toyama,16201,2023,521,531.0013,0.5582,521.3635,540.6390,515.0602,546.9424,512.0063,549.9962
toyama,16202,2023,544,556.7637,0.2887,547.1259,566.4015,540.8226,572.7048,537.7687,575.7587
toyama,16204,2023,526,528.0831,0.2869,518.4453,537.7209,512.1420,544.0242,509.0881,547.0781
toyama,16205,2023,511,521.3221,0.3420,511.6843,530.9599,505.3810,537.2632,502.3272,540.3171
toyama,16206,2023,527,528.1611,0.3547,518.5233,537.7989,512.2200,544.1022,509.1662,547.1561
toyama,16207,2023,535,540.1324,0.3446,530.4946,549.7701,524.1913,556.0734,521.1374,559.1273
toyama,16208,2023,528,543.5372,0.3135,533.8994,553.1749,527.5961,559.4783,524.5422,562.5321
toyama,16209,2023,535,550.6416,0.2411,541.0038,560.2793,534.7005,566.5826,531.6466,569.6365
toyama,16210,2023,502,518.3866,0.4962,508.7488,528.0243,502.4455,534.3276,499.3916,537.3815
toyama,16211,2023,566,563.4081,0.3692,553.7704,573.0459,547.4671,579.3492,544.4132,582.4031
toyama,16321,2023,540,553.2902,0.2253,543.6525,562.9280,537.3492,569.2313,534.2953,572.2852
toyama,16322,2023,503,519.7797,0.3152,510.1419,529.4175,503.8386,535.7208,500.7847,538.7747
toyama,16323,2023,502,519.6876,0.3293,510.0498,529.3254,503.7465,535.6287,500.6926,538.6826
toyama,16342,2023,564,559.1844,0.3194,549.5467,568.8222,543.2434,575.1255,540.1895,578.1794
toyama,16343,2023,531,538.9973,0.2351,529.3595,548.6351,523.0562,554.9384,520.0023,557.9922
fukui,18201,2024,542,530.4432,0.4981,520.3483,540.5381,513.7461,547.1404,510.5473,550.3391
fukui,18202,2024,495,480.1884,0.3947,470.0935,490.2832,463.4912,496.8855,460.2925,500.0842
fukui,18204,2024,500,483.8883,0.4327,473.7934,493.9832,467.1911,500.5854,463.9924,503.7842
fukui,18205,2024,540,531.4212,0.5004,521.3263,541.5161,514.7240,548.1183,511.5253,551.3171
fukui,18206,2024,519,503.8095,0.5942,493.7147,513.9044,487.1124,520.5067,483.9137,523.7054
fukui,18207,2024,542,520.1048,0.4293,510.0099,530.1997,503.4076,536.8020,500.2089,540.0007
fukui,18208,2024,551,529.0776,0.2745,518.9827,539.1724,512.3804,545.7747,509.1817,548.9734
fukui,18209,2024,529,513.6886,0.3950,503.5937,523.7834,496.9914,530.3857,493.7927,533.5844
fukui,18210,2024,549,531.9425,0.3680,521.8476,542.0374,515.2453,548.6396,512.0466,551.8384
fukui,18322,2024,505,495.3748,0.5161,485.2799,505.4696,478.6776,512.0719,475.4789,515.2706
fukui,18382,2024,444,428.7520,0.3050,418.6571,438.8469,412.0548,445.4491,408.8561,448.6479
fukui,18404,2024,495,465.4126,0.5359,455.3177,475.5075,448.7155,482.1098,445.5167,485.3085
fukui,18423,2024,516,500.9015,0.3134,490.8066,510.9964,484.2043,517.5986,481.0056,520.7974
fukui,18442,2024,497,486.1226,0.3507,476.0277,496.2175,469.4255,502.8198,466.2267,506.0185
fukui,18481,2024,490,478.3147,0.2685,468.2198,488.4096,461.6175,495.0119,458.4188,498.2106
fukui,18483,2024,488,478.4518,0.4586,468.3569,488.5467,461.7547,495.1490,458.5559,498.3477
fukui,18501,2024,502,490.1935,0.4250,480.0986,500.2884,473.4964,506.8907,470.2976,510.0894
ishikawa,17201,2024,540,536.2407,0.5520,526.1458,546.3356,519.5435,552.9378,516.3448,556.1366
ishikawa,17202,2024,473,480.6258,0.5570,470.5309,490.7207,463.9287,497.3230,460.7299,500.5217
ishikawa,17203,2024,549,535.6499,0.4089,525.5550,545.7448,518.9527,552.3470,515.7540,555.5458
ishikawa,17204,2024,408,467.6616,0.8674,457.5667,477.7565,450.9644,484.3587,447.7657,487.5575
ishikawa,17205,2024,416,465.0624,0.3961,454.9675,475.1573,448.3652,481.7595,445.1665,484.9583
ishikawa,17206,2024,548,539.7992,0.3447,529.7043,549.8941,523.1021,556.4964,519.9033,559.6951
ishikawa,17207,2024,499,507.7499,0.3671,497.6550,517.8448,491.0527,524.4470,487.8540,527.6458
ishikawa,17209,2024,527,523.0614,0.3914,512.9665,533.1563,506.3642,539.7585,503.1655,542.9573
ishikawa,17210,2024,570,564.7693,0.5493,554.6744,574.8642,548.0722,581.4665,544.8734,584.6652
ishikawa,17211,2024,551,542.4955,0.4257,532.4006,552.5904,525.7983,559.1927,522.5996,562.3914
ishikawa,17212,2024,567,561.7065,0.2999,551.6116,571.8014,545.0094,578.4037,541.8106,581.6024
ishikawa,17324,2024,574,565.6699,0.3097,555.5750,575.7648,548.9728,582.3671,545.7740,585.5658
ishikawa,17361,2024,533,526.6071,0.4915,516.5122,536.7020,509.9099,543.3042,506.7112,546.5030
ishikawa,17365,2024,531,509.5785,0.3515,499.4836,519.6734,492.8813,526.2756,489.6826,529.4744
ishikawa,17384,2024,490,500.8152,0.4858,490.7203,510.9101,484.1181,517.5124,480.9193,520.7111
ishikawa,17386,2024,499,510.4057,0.3955,500.3108,520.5006,493.7085,527.1028,490.5098,530.3016
ishikawa,17407,2024,490,494.6229,0.3272,484.5280,504.7178,477.9257,511.3200,474.7270,514.5188
ishikawa,17461,2024,441,457.2030,0.5131,447.1081,467.2979,440.5058,473.9002,437.3071,477.0989
ishikawa,17463,2024,403,456.5415,0.5625,446.4466,466.6364,439.8443,473.2386,436.6456,476.4374
niigata,15100,2024,556,568.5255,1.1762,556.6517,580.3992,548.8860,588.1649,545.1236,591.9273
niigata,15202,2024,525,525.6543,1.4501,511.0156,540.2930,501.4416,549.8670,496.8030,554.5055
niigata,15204,2024,531,542.6582,0.8772,532.5633,552.7531,525.9610,559.3554,522.7623,562.5541
niigata,15205,2024,507,503.7124,0.7974,493.6175,513.8072,487.0152,520.4095,483.8165,523.6082
niigata,15206,2024,546,542.5937,0.8646,532.4988,552.6886,525.8965,559.2908,522.6978,562.4896
niigata,15208,2024,543,541.1106,0.7306,531.0157,551.2055,524.4135,557.8078,521.2147,561.0065
niigata,15209,2024,525,538.2398,0.7522,528.1450,548.3347,521.5427,554.9370,518.3440,558.1357
niigata,15210,2024,529,512.1862,0.6562,502.0913,522.2811,495.4890,528.8834,492.2903,532.0821
niigata,15211,2024,532,528.9199,0.5510,518.8251,539.0148,512.2228,545.6171,509.0241,548.8158
niigata,15212,2024,532,533.1131,1.3768,519.2143,547.0120,510.1241,556.1021,505.7201,560.5062
niigata,15213,2024,563,569.0451,0.8036,558.9502,579.1400,552.3479,585.7422,549.1492,588.9410
niigata,15216,2024,486,473.2368,0.5486,463.1419,483.3316,456.5396,489.9339,453.3409,493.1326
niigata,15217,2024,525,517.9282,0.8384,507.8333,528.0231,501.2311,534.6254,498.0323,537.8241
niigata,15218,2024,516,516.8683,0.7479,506.7734,526.9632,500.1712,533.5655,496.9724,536.7642
niigata,15222,2024,536,520.5863,0.6388,510.4914,530.6812,503.8891,537.2834,500.6904,540.4822
niigata,15223,2024,535,531.9801,0.8765,521.8852,542.0750,515.2829,548.6772,512.0842,551.8760
niigata,15224,2024,497,522.1172,1.0785,511.2295,533.0048,504.1088,540.1256,500.6589,543.5755
niigata,15225,2024,536,528.1255,1.0046,517.9844,538.2665,511.3520,544.8990,508.1386,548.1123
niigata,15226,2024,535,525.0337,0.7772,514.9388,535.1286,508.3366,541.7309,505.1378,544.9296
niigata,15227,2024,540,542.8500,0.5034,532.7552,552.9449,526.1529,559.5472,522.9542,562.7459
niigata,15307,2024,544,544.8432,0.6920,534.7484,554.9381,528.1461,561.5404,524.9474,564.7391
niigata,15342,2024,559,567.5971,0.6567,557.5023,577.6920,550.9000,584.2943,547.7013,587.4930
niigata,15361,2024,530,547.4827,0.5625,537.3878,557.5776,530.7856,564.1799,527.5868,567.3786
niigata,15385,2024,494,508.5490,1.7001,491.3866,525.7115,480.1620,536.9361,474.7238,542.3743
niigata,15405,2024,508,512.4814,0.5301,502.3865,522.5763,495.7842,529.1785,492.5855,532.3772
niigata,15461,2024,471,470.2704,0.4838,460.1755,480.3653,453.5732,486.9676,450.3745,490.1663
niigata,15482,2024,557,553.8664,0.5973,543.7715,563.9613,537.1692,570.5636,533.9705,573.7623
niigata,15504,2024,513,521.8191,0.4060,511.7242,531.9140,505.1220,538.5163,501.9232,541.7150
niigata,15581,2024,524,517.4235,0.9760,507.3286,527.5184,500.7264,534.1207,497.5276,537.3194
toyama,16201,2024,536,540.8121,0.8748,530.7172,550.9070,524.1149,557.5092,520.9162,560.7080
toyama,16202,2024,562,560.1082,0.6606,550.0133,570.2031,543.4111,576.8054,540.2123,580.0041
toyama,16204,2024,532,531.0445,0.3874,520.9496,541.1394,514.3474,547.7417,511.1486,550.9404
toyama,16205,2024,519,517.8790,0.7158,507.7841,527.9739,501.1819,534.5762,497.9831,537.7749
toyama,16206,2024,537,535.2317,0.2989,525.1368,545.3266,518.5346,551.9289,515.3358,555.1276
toyama,16207,2024,542,545.3047,0.3954,535.2098,555.3996,528.6075,562.0018,525.4088,565.2006
toyama,16208,2024,539,547.6793,0.4773,537.5844,557.7742,530.9822,564.3765,527.7834,567.5752
toyama,16209,2024,548,554.1151,0.3676,544.0202,564.2100,537.4180,570.8123,534.2192,574.0110
toyama,16210,2024,519,522.2557,0.4893,512.1608,532.3506,505.5585,538.9528,502.3598,542.1516
toyama,16211,2024,573,570.8070,0.3778,560.7121,580.9019,554.1099,587.5042,550.9111,590.7029
toyama,16321,2024,549,560.0527,0.3372,549.9578,570.1475,543.3555,576.7498,540.1568,579.9485
toyama,16322,2024,518,525.6713,0.4622,515.5764,535.7662,508.9742,542.3685,505.7754,545.5672
toyama,16323,2024,517,523.0790,0.4312,512.9841,533.1739,506.3819,539.7762,503.1831,542.9749
toyama,16342,2024,572,567.5310,0.5292,557.4361,577.6258,550.8338,584.2281,547.6351,587.4268
toyama,16343,2024,542,542.3593,0.5104,532.2644,552.4542,525.6622,559.0565,522.4634,562.2552
fukui,18201,2025,544,527.8085,0.4455,516.7858,538.8311,509.5768,546.0402,506.0840,549.5329
fukui,18202,2025,498,483.6322,0.4509,472.6096,494.6549,465.4005,501.8639,461.9078,505.3567
fukui,18204,2025,501,484.9037,0.2851,473.8811,495.9264,466.6720,503.1354,463.1793,506.6282
fukui,18205,2025,537,527.0394,0.2998,516.0167,538.0621,508.8077,545.2711,505.3150,548.7638
fukui,18206,2025,523,508.3544,0.5010,497.3318,519.3771,490.1227,526.5861,486.6300,530.0789
fukui,18207,2025,542,521.4514,0.2484,510.4287,532.4741,503.2197,539.6831,499.7270,543.1758
fukui,18208,2025,550,528.9081,0.3084,517.8854,539.9308,510.6764,547.1398,507.1837,550.6325
fukui,18209,2025,529,516.4228,0.3591,505.4002,527.4455,498.1911,534.6545,494.6984,538.1473
fukui,18210,2025,557,531.2168,0.3143,520.1941,542.2395,512.9851,549.4485,509.4924,552.9412
fukui,18322,2025,512,494.8877,0.3912,483.8650,505.9104,476.6560,513.1194,473.1633,516.6121
fukui,18382,2025,451,434.3121,0.2848,423.2894,445.3348,416.0804,452.5438,412.5877,456.0365
fukui,18404,2025,495,474.9432,0.3397,463.9205,485.9658,456.7114,493.1749,453.2187,496.6676
fukui,18423,2025,516,503.2904,0.2536,492.2677,514.3130,485.0586,521.5221,481.5659,525.0148
fukui,18442,2025,500,485.8091,0.3096,474.7865,496.8318,467.5774,504.0409,464.0847,507.5336
fukui,18481,2025,487,479.4393,0.2138,468.4166,490.4620,461.2076,497.6710,457.7149,501.1637
fukui,18483,2025,492,478.8720,0.2404,467.8493,489.8947,460.6403,497.1037,457.1476,500.5964
fukui,18501,2025,506,490.2080,0.2787,479.1853,501.2306,471.9762,508.4397,468.4835,511.9324
ishikawa,17201,2025,543,537.0788,0.4200,526.0561,548.1014,518.8470,555.3105,515.3543,558.8032
ishikawa,17202,2025,492,479.8431,0.4077,468.8204,490.8657,461.6114,498.0748,458.1187,501.5675
ishikawa,17203,2025,550,535.4241,0.3006,524.4014,546.4468,517.1924,553.6558,513.6997,557.1485
ishikawa,17204,2025,470,464.4199,1.1178,452.0991,476.7407,444.0410,484.7988,440.1370,488.7028
ishikawa,17205,2025,475,464.1496,0.3232,453.1269,475.1722,445.9179,482.3813,442.4251,485.8740
ishikawa,17206,2025,549,536.0707,0.2556,525.0480,547.0933,517.8390,554.3024,514.3463,557.7951
ishikawa,17207,2025,513,508.1837,0.2702,497.1610,519.2063,489.9520,526.4154,486.4592,529.9081
ishikawa,17209,2025,530,528.5740,0.3414,517.5513,539.5967,510.3423,546.8057,506.8496,550.2984
ishikawa,17210,2025,572,563.9985,0.2915,552.9758,575.0212,545.7668,582.2302,542.2741,585.7229
ishikawa,17211,2025,554,543.4816,0.2483,532.4589,554.5043,525.2499,561.7133,521.7572,565.2060
ishikawa,17212,2025,570,562.7464,0.2239,551.7237,573.7691,544.5147,580.9781,541.0220,584.4708
ishikawa,17324,2025,574,565.4689,0.2324,554.4462,576.4915,547.2372,583.7006,543.7445,587.1933
ishikawa,17361,2025,537,532.0665,0.2847,521.0439,543.0892,513.8348,550.2983,510.3421,553.7910
ishikawa,17365,2025,500,520.7794,0.2821,509.7567,531.8021,502.5477,539.0111,499.0550,542.5038
ishikawa,17384,2025,510,502.9144,0.4604,491.8917,513.9370,484.6826,521.1461,481.1899,524.6388
ishikawa,17386,2025,510,511.2185,0.2716,500.1958,522.2412,492.9868,529.4502,489.4941,532.9429
ishikawa,17407,2025,503,495.4571,0.2141,484.4344,506.4798,477.2254,513.6888,473.7327,517.1815
ishikawa,17461,2025,463,454.7373,0.3258,443.7146,465.7599,436.5056,472.9690,433.0128,476.4617
ishikawa,17463,2025,462,455.3423,0.3857,444.3196,466.3649,437.1106,473.5740,433.6178,477.0667
niigata,15100,2025,567,555.8304,0.6236,544.8077,566.8530,537.5986,574.0621,534.1059,577.5548
niigata,15202,2025,539,518.2886,0.8117,507.2659,529.3113,500.0569,536.5203,496.5642,540.0130
niigata,15204,2025,559,535.1952,0.5219,524.1726,546.2179,516.9635,553.4269,513.4708,556.9197
niigata,15205,2025,528,506.4859,0.4593,495.4632,517.5085,488.2542,524.7176,484.7615,528.2103
niigata,15206,2025,545,539.3512,0.2988,528.3285,550.3739,521.1195,557.5829,517.6268,561.0756
niigata,15208,2025,555,535.1538,0.2662,524.1311,546.1765,516.9221,553.3855,513.4294,556.8782
niigata,15209,2025,554,532.6752,0.3077,521.6525,543.6979,514.4435,550.9069,510.9508,554.3996
niigata,15210,2025,526,506.7108,0.6075,495.6881,517.7335,488.4791,524.9425,484.9864,528.4352
niigata,15211,2025,548,523.9785,0.2765,512.9559,535.0012,505.7468,542.2103,502.2541,545.7030
niigata,15212,2025,529,528.0658,0.4814,517.0432,539.0885,509.8341,546.2975,506.3414,549.7902
niigata,15213,2025,572,561.2376,0.3068,550.2149,572.2602,543.0058,579.4693,539.5131,582.9620
niigata,15216,2025,480,475.5466,0.3543,464.5239,486.5693,457.3149,493.7783,453.8222,497.2710
niigata,15217,2025,517,508.7431,0.7172,497.7204,519.7657,490.5114,526.9748,487.0187,530.4675
niigata,15218,2025,521,508.7619,0.2789,497.7393,519.7846,490.5302,526.9936,487.0375,530.4864
niigata,15222,2025,532,523.0533,0.3608,512.0307,534.0760,504.8216,541.2851,501.3289,544.7778
niigata,15223,2025,534,522.7728,0.2514,511.7501,533.7955,504.5411,541.0045,501.0484,544.4972
niigata,15224,2025,492,508.9381,0.5490,497.9155,519.9608,490.7064,527.1699,487.2137,530.6626
niigata,15225,2025,534,511.4724,0.4570,500.4497,522.4951,493.2407,529.7041,489.7480,533.1968
niigata,15226,2025,534,514.6064,0.3423,503.5838,525.6291,496.3747,532.8381,492.8820,536.3309
niigata,15227,2025,540,533.6892,0.3076,522.6665,544.7119,515.4575,551.9209,511.9648,555.4136
niigata,15307,2025,544,541.7202,0.2359,530.6975,552.7428,523.4884,559.9519,519.9957,563.4446
niigata,15342,2025,567,556.9156,0.3047,545.8929,567.9382,538.6839,575.1473,535.1912,578.6400
niigata,15361,2025,559,539.1447,0.2506,528.1220,550.1673,520.9130,557.3764,517.4202,560.8691
niigata,15385,2025,508,492.2568,0.4310,481.2342,503.2795,474.0251,510.4885,470.5324,513.9813
niigata,15405,2025,529,504.7990,0.2338,493.7763,515.8217,486.5673,523.0307,483.0746,526.5234
niigata,15461,2025,473,457.3886,0.3601,446.3660,468.4113,439.1569,475.6204,435.6642,479.1131
niigata,15482,2025,561,539.9381,0.4767,528.9154,550.9607,521.7063,558.1698,518.2136,561.6625
niigata,15504,2025,538,522.7958,0.2542,511.7731,533.8184,504.5641,541.0275,501.0714,544.5202
niigata,15581,2025,515,515.7458,0.3666,504.7232,526.7685,497.5141,533.9775,494.0214,537.4703
toyama,16201,2025,543,530.6175,0.5076,519.5948,541.6402,512.3858,548.8492,508.8931,552.3419
toyama,16202,2025,569,562.4922,0.1997,551.4695,573.5149,544.2605,580.7239,540.7678,584.2166
toyama,16204,2025,539,536.8217,0.3021,525.7990,547.8443,518.5900,555.0534,515.0973,558.5461
toyama,16205,2025,526,526.2496,0.4022,515.2270,537.2723,508.0179,544.4813,504.5252,547.9741
toyama,16206,2025,543,539.8974,0.2129,528.8747,550.9201,521.6657,558.1291,518.1730,561.6218
toyama,16207,2025,549,548.5225,0.2782,537.4998,559.5451,530.2907,566.7542,526.7980,570.2469
toyama,16208,2025,545,548.6102,0.2361,537.5876,559.6329,530.3785,566.8419,526.8858,570.3347
toyama,16209,2025,557,558.7519,0.2138,547.7293,569.7746,540.5202,576.9836,537.0275,580.4763
toyama,16210,2025,526,525.5651,0.2598,514.5424,536.5877,507.3334,543.7968,503.8407,547.2895
toyama,16211,2025,580,572.5848,0.2583,561.5621,583.6074,554.3530,590.8165,550.8603,594.3092
toyama,16321,2025,553,554.0414,0.2327,543.0187,565.0641,535.8097,572.2731,532.3170,575.7658
toyama,16322,2025,522,526.1790,0.2408,515.1564,537.2017,507.9473,544.4108,504.4546,547.9035
toyama,16323,2025,521,521.5731,0.2246,510.5505,532.5958,503.3414,539.8048,499.8487,543.2976
toyama,16342,2025,579,574.0795,0.2608,563.0569,585.1022,555.8478,592.3112,552.3551,595.8039
toyama,16343,2025,549,550.5394,0.2485,539.5168,561.5621,532.3077,568.7712,528.8150,572.2639
